{"cameraMode":{"drawMode":0,"name":"Shaded","section":"Shading Mode"},"sceneLighting":true,"audioPlay":false,"sceneViewState":{"m_AlwaysRefresh":false,"showFog":true,"showSkybox":true,"showFlares":true,"showImageEffects":true,"showParticleSystems":true,"showVisualEffectGraphs":true,"m_FxEnabled":true},"in2DMode":false,"pivot":{"x":0.11866578459739685,"y":4.944462299346924,"z":4.276758670806885},"rotation":{"x":-0.00630917539820075,"y":0.009597263298928738,"z":-0.00005970925485598855,"w":-0.9999372959136963},"size":5.944582939147949,"orthographic":false}